{"cameraMode":{"drawMode":0,"name":"Shaded","section":"Shading Mode"},"sceneLighting":false,"audioPlay":false,"sceneViewState":{"m_AlwaysRefresh":false,"showFog":true,"showSkybox":false,"showFlares":true,"showImageEffects":true,"showParticleSystems":true,"showVisualEffectGraphs":true,"m_FxEnabled":true},"in2DMode":false,"pivot":{"x":-0.8027749061584473,"y":1.2383980751037598,"z":0.4688138961791992},"rotation":{"x":0.14348997175693513,"y":0.0148440171033144,"z":-0.0021545072086155416,"w":0.9895594716072083},"size":10.838162422180176,"orthographic":false}